n_removed,targeted_efficiency,targeted_resilience_index,targeted_largest_cc_fraction,targeted_active_largest_cc_fraction,random_efficiency,random_resilience_index,random_largest_cc_fraction,random_active_largest_cc_fraction,random_seed,efficiency_method,efficiency_k,efficiency_seed
0,0.00224614,1.0,0.983936,0.983936,0.00224614,1.0,0.983936,0.983936,43,exact,,42
1,0.00217086,0.966485,0.97992,0.983871,0.00223237,0.993871,0.97992,0.983871,43,exact,,42
2,0.00212615,0.946579,0.975904,0.983806,0.00220752,0.982803,0.975904,0.983806,43,exact,,42
3,0.00210469,0.937025,0.971888,0.98374,0.00220012,0.979512,0.971888,0.98374,43,exact,,42
4,0.00208992,0.930451,0.967871,0.983673,0.00216347,0.963193,0.967871,0.983673,43,exact,,42
5,0.00206831,0.920827,0.963855,0.983607,0.0021363,0.9511,0.963855,0.983607,43,exact,,42
6,0.0018334,0.816246,0.7751,0.794239,0.00211968,0.9437,0.959839,0.983539,43,exact,,42
7,0.00182485,0.812439,0.771084,0.793388,0.00209995,0.934915,0.955823,0.983471,43,exact,,42
8,0.00181193,0.806687,0.767068,0.792531,0.00208052,0.926265,0.947791,0.979253,43,exact,,42
9,0.00180292,0.802676,0.763052,0.791667,0.00207273,0.922797,0.943775,0.979167,43,exact,,42
10,0.00168577,0.75052,0.654618,0.682008,0.00204221,0.909207,0.939759,0.979079,43,exact,,42
11,0.00168287,0.749226,0.654618,0.684874,0.00202082,0.899687,0.935743,0.978992,43,exact,,42
12,0.001521,0.67716,0.546185,0.57384,0.00199596,0.888619,0.931727,0.978903,43,exact,,42
13,0.00149131,0.663944,0.546185,0.576271,0.00196907,0.876646,0.923695,0.974576,43,exact,,42
14,0.00146419,0.651869,0.546185,0.578723,0.0019335,0.860808,0.911647,0.965957,43,exact,,42
15,0.00132002,0.587682,0.345382,0.367521,0.00191733,0.853612,0.907631,0.965812,43,exact,,42
16,0.00130846,0.582537,0.341365,0.364807,0.00188705,0.840128,0.899598,0.961373,43,exact,,42
17,0.00128655,0.57278,0.337349,0.362069,0.00183938,0.818908,0.895582,0.961207,43,exact,,42
18,0.00127082,0.56578,0.321285,0.34632,0.00181882,0.809754,0.891566,0.961039,43,exact,,42
19,0.0012531,0.557889,0.317269,0.343478,0.00179788,0.800429,0.879518,0.952174,43,exact,,42
20,0.00124125,0.552615,0.301205,0.327511,0.00177947,0.792234,0.871486,0.947598,43,exact,,42
21,0.00123312,0.548997,0.297189,0.324561,0.00176078,0.783914,0.86747,0.947368,43,exact,,42
22,0.00122388,0.54488,0.297189,0.325991,0.00173483,0.772361,0.863454,0.947137,43,exact,,42
23,0.00119031,0.529935,0.297189,0.327434,0.00170995,0.761284,0.859438,0.946903,43,exact,,42
24,0.00113944,0.507286,0.297189,0.328889,0.00170189,0.757693,0.855422,0.946667,43,exact,,42
25,0.0011274,0.501926,0.297189,0.330357,0.00165801,0.738159,0.851406,0.946429,43,exact,,42
